-- Adminer 4.8.1 MySQL 11.1.2-MariaDB-1:11.1.2+maria~ubu2204 dump

SET NAMES utf8;
SET time_zone = '+00:00';
SET foreign_key_checks = 0;
SET sql_mode = 'NO_AUTO_VALUE_ON_ZERO';

INSERT INTO `Creneau` (`id`, `jourSemaine`, `heureDeDepart`, `heureDeFin`, `emission_id`) VALUES
                                                                                              (10,	1,	'10:00:00',	'12:00:00',	1),
                                                                                              (11,	1,	'12:00:00',	'14:00:00',	2),
                                                                                              (12,	1,	'14:00:00',	'16:00:00',	12),
                                                                                              (13,	1,	'16:00:00',	'18:00:00',	5),
                                                                                              (14,	1,	'18:00:00',	'20:00:00',	8),
                                                                                              (15,	2,	'10:00:00',	'12:00:00',	14),
                                                                                              (16,	2,	'12:00:00',	'14:00:00',	18),
                                                                                              (17,	2,	'14:00:00',	'16:00:00',	9),
                                                                                              (18,	2,	'16:00:00',	'18:00:00',	7),
                                                                                              (19,	2,	'18:00:00',	'20:00:00',	8),
                                                                                              (20,	3,	'10:00:00',	'12:00:00',	11),
                                                                                              (21,	3,	'12:00:00',	'14:00:00',	4),
                                                                                              (22,	3,	'14:00:00',	'16:00:00',	3),
                                                                                              (23,	3,	'16:00:00',	'18:00:00',	2),
                                                                                              (24,	3,	'18:00:00',	'20:00:00',	8),
                                                                                              (25,	4,	'10:00:00',	'12:00:00',	5),
                                                                                              (26,	4,	'12:00:00',	'14:00:00',	15),
                                                                                              (27,	4,	'14:00:00',	'16:00:00',	17),
                                                                                              (28,	4,	'16:00:00',	'18:00:00',	16),
                                                                                              (29,	4,	'18:00:00',	'20:00:00',	11),
                                                                                              (30,	5,	'10:00:00',	'12:00:00',	6),
                                                                                              (31,	5,	'12:00:00',	'14:00:00',	10),
                                                                                              (32,	5,	'14:00:00',	'16:00:00',	13),
                                                                                              (33,	5,	'16:00:00',	'18:00:00',	6),
                                                                                              (34,	5,	'18:00:00',	'20:00:00',	8),
                                                                                              (35,	6,	'10:00:00',	'12:00:00',	5),
                                                                                              (36,	6,	'12:00:00',	'14:00:00',	11),
                                                                                              (37,	6,	'14:00:00',	'16:00:00',	1),
                                                                                              (38,	6,	'16:00:00',	'18:00:00',	4),
                                                                                              (39,	6,	'18:00:00',	'20:00:00',	12),
                                                                                              (40,	7,	'10:00:00',	'12:00:00',	14),
                                                                                              (41,	7,	'12:00:00',	'14:00:00',	13),
                                                                                              (42,	7,	'14:00:00',	'16:00:00',	2),
                                                                                              (43,	7,	'16:00:00',	'18:00:00',	10),
                                                                                              (44,	7,	'18:00:00',	'20:00:00',	9);

INSERT INTO `Emission` (`id`, `titre`, `description`, `theme`, `photo`, `user_mail`) VALUES
                                                                                         (1,	'Book Club',	'A culinary journey like no other. Join our chefs as they explore diverse cuisines, share recipes, and indulge in delicious food talks.',	'Science',	'https://loremflickr.com/320/240/radio,show,morning/all',	'presentateur1@example.com'),
                                                                                         (2,	'Mindful Moments',	'Unleash your creativity! Dive into the world of DIY projects, crafts, and home improvement with our talented hosts.',	'Music',	'https://loremflickr.com/400/300/radio,jazz/all',	'presentateur1@example.com'),
                                                                                         (3,	'Film Fanatics',	'Score updates, game analyses, and in-depth sports discussions. Whether you re a die-hard fan or a casual viewer, we ve got you covered.',	'Technology',	'https://loremflickr.com/480/360/radio,tech/all',	'presentateur2@example.com'),
                                                                                         (4,	'Morning Show',	'Start your day with the latest news, great music, and lively discussions. Your hosts will keep you informed and entertained!',	'Science',	'https://loremflickr.com/560/420/radio,health/all',	'presentateur2@example.com'),
                                                                                         (5,	'Jazz Hour',	'Immerse yourself in the world of jazz with our curated playlist and insightful commentary. A perfect way to unwind in the evening.',	'Mindfulness',	'https://loremflickr.com/640/480/radio,travel/all',	'presentateur3@example.com'),
                                                                                         (6,	'Tech Talk',	'Explore the latest in technology and innovation with industry experts. Stay updated on gadgets, software, and upcoming trends.',	'Science',	'https://loremflickr.com/720/540/radio,science/all',	'presentateur3@example.com'),
                                                                                         (7,	'Health Matters',	'Your guide to a healthy lifestyle. Join us for discussions on fitness, nutrition, mental health, and wellness tips.',	'Comedy',	'https://loremflickr.com/800/600/radio,comedy/all',	'presentateur4@example.com'),
                                                                                         (8,	'Travel Diaries',	'Embark on a virtual journey around the world. Discover new destinations, cultures, and travel tips with our seasoned travelers.',	'Technology',	'https://loremflickr.com/880/660/radio,food/all',	'presentateur4@example.com'),
                                                                                         (9,	'Science Insights',	'Dive into the fascinating world of science. Learn about breakthroughs, discoveries, and the wonders of the universe.',	'Sports',	'https://loremflickr.com/960/720/radio,business/all',	'presentateur5@example.com'),
                                                                                         (10,	'Comedy Central',	'Get ready to burst into laughter! Tune in for a dose of humor, stand-up comedy, and witty banter with our hilarious hosts.',	'Music',	'https://loremflickr.com/1040/780/radio,movies/all',	'presentateur5@example.com'),
                                                                                         (11,	'Food Fusion',	'A culinary journey like no other. Join our chefs as they explore diverse cuisines, share recipes, and indulge in delicious food talks.',	'Music',	'https://loremflickr.com/1120/840/radio,pets/all',	'presentateur6@example.com'),
                                                                                         (12,	'Business Buzz',	'Stay ahead in the business world. Our experts analyze market trends, economic updates, and provide valuable business insights.',	'Sports',	'https://loremflickr.com/1200/900/radio,sports/all',	'presentateur6@example.com'),
                                                                                         (13,	'Film Fanatics',	'For the love of cinema! Join our movie enthusiasts for reviews, interviews with filmmakers, and discussions on the latest releases.',	'Books',	'https://loremflickr.com/1280/960/radio,books/all',	'presentateur7@example.com'),
                                                                                         (14,	'Pet Pals',	'Calling all animal lovers! Tune in for heartwarming stories, pet care tips, and interviews with furry friends and their owners.',	'Mindfulness',	'https://loremflickr.com/1360/1020/radio,mindfulness/all',	'presentateur7@example.com'),
                                                                                         (15,	'Sports Zone',	'Score updates, game analyses, and in-depth sports discussions. Whether you re a die-hard fan or a casual viewer, we ve got you covered.',	'Books',	'https://loremflickr.com/1440/1080/radio,diy/all',	'presentateur8@example.com'),
                                                                                         (16,	'Book Club',	'A haven for bookworms! Explore the world of literature with book reviews, author interviews, and lively book club discussions.',	'Technology',	'https://loremflickr.com/1520/1140/radio,sample/all',	'presentateur8@example.com'),
                                                                                         (17,	'Mindful Moments',	'Take a break and join us for mindfulness and relaxation sessions. Find inner peace and balance in your busy life.',	'Comedy',	'https://loremflickr.com/1680/1260/radio,sample/all',	'presentateur1@example.com'),
                                                                                         (18,	'DIY Delights',	'Unleash your creativity! Dive into the world of DIY projects, crafts, and home improvement with our talented hosts.',	'Comedy',	'https://loremflickr.com/1840/1380/radio,sample/all',	'presentateur2@example.com');

INSERT INTO `InvitesPodcast` (`emailInvite`, `idPodcast`) VALUES
                                                              ('user1@example.com',	1),
                                                              ('user1@example.com',	2),
                                                              ('user2@example.com',	3);

INSERT INTO `Playlist` (`id`, `name`, `description`, `emailUser`) VALUES
                                                                      (1,	'Les hits de Noël',	'Tous les classiques de Noël sont à retrouver dans cette playlist.',	'presentateur3@example.com'),
                                                                      (2,	'Relaxation',	'Smooth electronic, lounge and new-age music just for you.',	'presentateur2@example.com'),
                                                                      (3,	'Hondelatte Raconte',	'Conteur hors pair, Christophe Hondelatte tient les auditeurs en haleine avec ses récits ciselés et captivants. Faits divers, parcours singuliers et portraits de personnalités',	'presentateur1@example.com'),
                                                                      (4,	'2023 Rap Français',	'80 titres qui ont fait le rap français en 2023. Cover : Gazo.',	'presentateur3@example.com'),
                                                                      (5,	'Les Hits Afro',	'Entre Afro pop, Afro rap, Afro Zouk, les hits Afro sont à retrouver dans cette playlist. Cover : Libianca..',	'presentateur2@example.com'),
                                                                      (6,	'Queens Of Soul',	'The best female soul singers throughout time.',	'presentateur1@example.com');

INSERT INTO `PlaylistSon` (`idPlaylist`, `idSon`) VALUES
                                                      (1,	1),
                                                      (1,	4),
                                                      (1,	8),
                                                      (2,	2),
                                                      (2,	6),
                                                      (2,	1),
                                                      (3,	3),
                                                      (3,	6),
                                                      (3,	9),
                                                      (4,	10),
                                                      (4,	9),
                                                      (4,	8),
                                                      (5,	7),
                                                      (5,	4),
                                                      (6,	5),
                                                      (6,	10),
                                                      (6,	9),
                                                      (6,	5),
                                                      (2,	9),
                                                      (3,	10),
                                                      (3,	1);

INSERT INTO `Podcast` (`id`, `titre`, `description`, `duree`, `date`, `audio`, `photo`, `emission_id`) VALUES
                                                                                                           (1,	'The Science Hour: Exploring the Wonders of Astrophysics',	'Description for Podcast 1-1. Lorem ipsum dolor sit amet, consectetur adipiscing elit.',	'01:15:00',	'2023-01-01',	'audio1.mp3',	'https://loremflickr.com/320/240/radio,show,morning/all',	1),
                                                                                                           (2,	'Nature\'s Harmony: Protecting Biodiversity',	'Description for Podcast 1-2. Sed do eiusmod tempor incididunt ut labore et dolore magna aliqua.',	'00:55:00',	'2023-01-15',	'audio2.mp3',	'https://loremflickr.com/400/300/radio,jazz/all',	1),
                                                                                                           (3,	'Tech Talks: Innovations Shaping the Future',	'Description for Podcast 1-3. Ut enim ad minim veniam, quis nostrud exercitation ullamco laboris.',	'01:30:00',	'2023-02-01',	'audio3.mp3',	'https://loremflickr.com/480/360/radio,tech/all',	1),
                                                                                                           (4,	'The Mindful Explorer: Navigating the Depths of Meditation',	'Description for Podcast 2-1. Duis aute irure dolor in reprehenderit in voluptate velit esse cillum dolore eu fugiat nulla pariatur.',	'01:00:00',	'2023-02-15',	'audio4.mp3',	'https://loremflickr.com/560/420/radio,health/all',	2),
                                                                                                           (5,	'Tech Unleashed: Exploring the Latest Innovations',	'Description for Podcast 2-2. Excepteur sint occaecat cupidatat non proident, sunt in culpa qui officia deserunt mollit anim id est laborum.',	'01:10:00',	'2023-03-01',	'audio5.mp3',	'https://loremflickr.com/640/480/radio,travel/all',	2),
                                                                                                           (6,	'Beneath the Stars: A Journey into Astrophysics',	'Description for Podcast 2-3. Nemo enim ipsam voluptatem quia voluptas sit aspernatur aut odit aut fugit.',	'00:50:00',	'2023-03-15',	'audio6.mp3',	'https://loremflickr.com/720/540/radio,science/all',	2),
                                                                                                           (7,	'The Wellness Hub: Mind and Body Connection',	'Description for Podcast 3-1. Lorem ipsum dolor sit amet, consectetur adipiscing elit.',	'01:15:00',	'2023-01-01',	'audio101.mp3',	'https://loremflickr.com/800/600/radio,comedy/all',	3),
                                                                                                           (8,	'Musical Expressions: A Melodic Journey',	'Description for Podcast 3-2. Sed do eiusmod tempor incididunt ut labore et dolore magna aliqua.',	'00:55:00',	'2023-01-15',	'audio102.mp3',	'https://loremflickr.com/880/660/radio,food/all',	3),
                                                                                                           (9,	'Laugh Out Loud: Comedy Chronicles',	'Description for Podcast 17-1. Neque porro quisquam est, qui dolorem ipsum quia dolor sit amet, consectetur.',	'01:20:00',	'2023-12-01',	'audio217.mp3',	'https://loremflickr.com/960/720/radio,business/all',	4),
                                                                                                           (10,	'Sports Arena: Thrills, Victories, and Defeats',	'Description for Podcast 17-2. Sed ut perspiciatis unde omnis iste natus error sit voluptatem accusantium doloremque laudantium.',	'01:15:00',	'2023-12-15',	'audio218.mp3',	'https://loremflickr.com/1040/780/radio,movies/all',	4),
                                                                                                           (11,	'The Unexplored: Adventures Beyond the Horizon',	'Description for Podcast 5-1. Lorem ipsum dolor sit amet, consectetur adipiscing elit.',	'01:15:00',	'2023-01-01',	'audio301.mp3',	'https://loremflickr.com/1120/840/radio,pets/all',	5),
                                                                                                           (12,	'Innovation Insights: Trailblazing Technologies',	'Description for Podcast 5-2. Sed do eiusmod tempor incididunt ut labore et dolore magna aliqua.',	'00:55:00',	'2023-01-15',	'audio302.mp3',	'https://loremflickr.com/1200/900/radio,sports/all',	5),
                                                                                                           (13,	'Mindful Living: A Journey to Inner Peace',	'Description for Podcast 6-1. Lorem ipsum dolor sit amet, consectetur adipiscing elit.',	'01:10:00',	'2023-02-01',	'audio401.mp3',	'https://loremflickr.com/1280/960/radio,books/all',	6),
                                                                                                           (14,	'Tech Trends: Navigating the Digital Landscape',	'Description for Podcast 6-2. Sed do eiusmod tempor incididunt ut labore et dolore magna aliqua.',	'01:20:00',	'2023-02-15',	'audio402.mp3',	'https://loremflickr.com/1360/1020/radio,mindfulness/all',	6),
                                                                                                           (15,	'Celestial Rhythms: Harmonies of the Cosmos',	'Description for Podcast 6-3. Ut enim ad minim veniam, quis nostrud exercitation ullamco laboris.',	'01:15:00',	'2023-03-01',	'audio403.mp3',	'https://loremflickr.com/1440/1080/radio,diy/all',	6),
                                                                                                           (16,	'The Wellness Haven: Holistic Health Practices',	'Description for Podcast 7-1. Duis aute irure dolor in reprehenderit in voluptate velit esse cillum dolore eu fugiat nulla pariatur.',	'01:05:00',	'2023-03-15',	'audio404.mp3',	'https://loremflickr.com/320/240/radio,show,morning/all',	7),
                                                                                                           (17,	'Musical Mosaic: Exploring Diverse Sounds',	'Description for Podcast 7-2. Excepteur sint occaecat cupidatat non proident, sunt in culpa qui officia deserunt mollit anim id est laborum.',	'01:15:00',	'2023-04-01',	'audio405.mp3',	'https://loremflickr.com/320/240/radio,show,morning/all',	7),
                                                                                                           (18,	'Comedy Central: Laughter Unleashed',	'Description for Podcast 8-1. Lorem ipsum dolor sit amet, consectetur adipiscing elit.',	'01:10:00',	'2023-02-01',	'audio501.mp3',	'https://loremflickr.com/400/300/radio,jazz/all',	8),
                                                                                                           (19,	'The Science Lab: Experiments and Discoveries',	'Description for Podcast 8-2. Sed do eiusmod tempor incididunt ut labore et dolore magna aliqua.',	'01:20:00',	'2023-02-15',	'audio502.mp3',	'https://loremflickr.com/400/300/radio,jazz/all',	8),
                                                                                                           (20,	'Life s Symphony: Moments of Harmony',	'Description for Podcast 8-3. Ut enim ad minim veniam, quis nostrud exercitation ullamco laboris.',	'01:15:00',	'2023-03-01',	'audio503.mp3',	'https://loremflickr.com/480/360/radio,tech/all',	8),
                                                                                                           (21,	'Tech Marvels: A Glimpse into Futuristic Innovations',	'Description for Podcast 9-1. Duis aute irure dolor in reprehenderit in voluptate velit esse cillum dolore eu fugiat nulla pariatur.',	'01:05:00',	'2023-03-15',	'audio504.mp3',	'https://loremflickr.com/480/360/radio,tech/all',	9),
                                                                                                           (22,	'Wonders of the Cosmos: Exploring the Universe',	'Description for Podcast 9-2. Excepteur sint occaecat cupidatat non proident, sunt in culpa qui officia deserunt mollit anim id est laborum.',	'01:15:00',	'2023-04-01',	'audio505.mp3',	'https://loremflickr.com/560/420/radio,health/all',	9),
                                                                                                           (23,	'Comedy Carnival: Laughter Galore',	'Description for Podcast 10-1. Lorem ipsum dolor sit amet, consectetur adipiscing elit.',	'01:10:00',	'2023-02-01',	'audio601.mp3',	'https://loremflickr.com/560/420/radio,health/all',	10),
                                                                                                           (24,	'Innovate or Perish: The Tech Revolution',	'Description for Podcast 10-2. Sed do eiusmod tempor incididunt ut labore et dolore magna aliqua.',	'01:20:00',	'2023-02-15',	'audio602.mp3',	'https://loremflickr.com/640/480/radio,travel/all',	10),
                                                                                                           (25,	'Mindful Moments: Finding Calm Amid Chaos',	'Description for Podcast 10-3. Ut enim ad minim veniam, quis nostrud exercitation ullamco laboris.',	'01:15:00',	'2023-03-01',	'audio603.mp3',	'https://loremflickr.com/640/480/radio,travel/all',	10),
                                                                                                           (26,	'Musicology: Journey through Musical Eras',	'Description for Podcast 11-1. Duis aute irure dolor in reprehenderit in voluptate velit esse cillum dolore eu fugiat nulla pariatur.',	'01:05:00',	'2023-03-15',	'audio604.mp3',	'https://loremflickr.com/720/540/radio,science/all',	11),
                                                                                                           (27,	'The Science Explorer: Unraveling Mysteries',	'Description for Podcast 11-2. Excepteur sint occaecat cupidatat non proident, sunt in culpa qui officia deserunt mollit anim id est laborum.',	'01:15:00',	'2023-04-01',	'audio605.mp3',	'https://loremflickr.com/720/540/radio,science/all',	11),
                                                                                                           (28,	'Beyond the Horizon: Adventures in the Unknown',	'Description for Podcast 13-1. Duis aute irure dolor in reprehenderit in voluptate velit esse cillum dolore eu fugiat nulla pariatur.',	'01:05:00',	'2023-03-15',	'audio704.mp3',	'https://loremflickr.com/800/600/radio,comedy/all',	13),
                                                                                                           (29,	'Laugh Riot: Hilarious Comedy Chronicles',	'Description for Podcast 13-2. Excepteur sint occaecat cupidatat non proident, sunt in culpa qui officia deserunt mollit anim id est laborum.',	'01:15:00',	'2023-04-01',	'audio705.mp3',	'https://loremflickr.com/800/600/radio,comedy/all',	13),
                                                                                                           (30,	'Tech Frontier: Navigating Digital Frontiers',	'Description for Podcast 14-1. Lorem ipsum dolor sit amet, consectetur adipiscing elit.',	'01:10:00',	'2023-04-15',	'audio706.mp3',	'https://loremflickr.com/880/660/radio,food/all',	14),
                                                                                                           (31,	'The Future Tech Hub: Emerging Innovations',	'Description for Podcast 14-2. Sed do eiusmod tempor incididunt ut labore et dolore magna aliqua.',	'01:20:00',	'2023-05-01',	'audio707.mp3',	'https://loremflickr.com/880/660/radio,food/all',	14),
                                                                                                           (32,	'Mindfulness Chronicles: Navigating Inner Peace',	'Description for Podcast 14-3. Ut enim ad minim veniam, quis nostrud exercitation ullamco laboris.',	'01:15:00',	'2023-05-15',	'audio708.mp3',	'https://loremflickr.com/960/720/radio,business/all',	14),
                                                                                                           (33,	'Comedy Central: Laughter Unlimited',	'Description for Podcast 12-1. Lorem ipsum dolor sit amet, consectetur adipiscing elit.',	'01:10:00',	'2023-02-01',	'audio701.mp3',	'https://loremflickr.com/960/720/radio,business/all',	12),
                                                                                                           (34,	'Tech Insights: Beyond the Digital Horizon',	'Description for Podcast 12-2. Sed do eiusmod tempor incididunt ut labore et dolore magna aliqua.',	'01:20:00',	'2023-02-15',	'audio702.mp3',	'https://loremflickr.com/1040/780/radio,movies/all',	12),
                                                                                                           (35,	'Harmony in Nature: A Biodiversity Exploration',	'Description for Podcast 12-3. Ut enim ad minim veniam, quis nostrud exercitation ullamco laboris.',	'01:15:00',	'2023-03-01',	'audio703.mp3',	'https://loremflickr.com/1040/780/radio,movies/all',	12),
                                                                                                           (36,	'Rhythmic Beats: Exploring the World of Music',	'Description for Podcast 15-1. Lorem ipsum dolor sit amet, consectetur adipiscing elit.',	'01:10:00',	'2023-02-01',	'audio801.mp3',	'https://loremflickr.com/1120/840/radio,pets/all',	15),
                                                                                                           (37,	'The Science Quest: Pioneering Discoveries',	'Description for Podcast 15-2. Sed do eiusmod tempor incididunt ut labore et dolore magna aliqua.',	'01:20:00',	'2023-02-15',	'audio802.mp3',	'https://loremflickr.com/1120/840/radio,pets/all',	15),
                                                                                                           (38,	'Adventures Beyond: Unexplored Terrains',	'Description for Podcast 15-3. Ut enim ad minim veniam, quis nostrud exercitation ullamco laboris.',	'01:15:00',	'2023-03-01',	'audio803.mp3',	'https://loremflickr.com/1200/900/radio,sports/all',	15),
                                                                                                           (39,	'Comic Relief: Endless Laughter',	'Description for Podcast 16-1. Duis aute irure dolor in reprehenderit in voluptate velit esse cillum dolore eu fugiat nulla pariatur.',	'01:05:00',	'2023-03-15',	'audio804.mp3',	'https://loremflickr.com/1200/900/radio,sports/all',	16),
                                                                                                           (40,	'Digital Innovations: Charting New Frontiers',	'Description for Podcast 16-2. Excepteur sint occaecat cupidatat non proident, sunt in culpa qui officia deserunt mollit anim id est laborum.',	'01:15:00',	'2023-04-01',	'audio805.mp3',	'https://loremflickr.com/1280/960/radio,books/all',	16),
                                                                                                           (41,	'Mindful Musings: Moments of Serenity',	'Description for Podcast 17-1. Lorem ipsum dolor sit amet, consectetur adipiscing elit.',	'01:10:00',	'2023-04-15',	'audio806.mp3',	'https://loremflickr.com/1280/960/radio,books/all',	17),
                                                                                                           (42,	'Tech Odyssey: Navigating the Digital Landscape',	'Description for Podcast 17-2. Sed do eiusmod tempor incididunt ut labore et dolore magna aliqua.',	'01:20:00',	'2023-05-01',	'audio807.mp3',	'https://loremflickr.com/1360/1020/radio,mindfulness/all',	17),
                                                                                                           (43,	'Celestial Serenade: Harmonies of the Night Sky',	'Description for Podcast 17-3. Ut enim ad minim veniam, quis nostrud exercitation ullamco laboris.',	'01:15:00',	'2023-05-15',	'audio808.mp3',	'https://loremflickr.com/1360/1020/radio,mindfulness/all',	17);

INSERT INTO `Son` (`id`, `titre`, `nomArtiste`, `audio`) VALUES
                                                             (1,	'10 minutes',	'PLK, Dinos',	'lien/vers/audio'),
                                                             (2,	'Coeur de pirate',	'Damso',	'lien/vers/audio'),
                                                             (3,	'A sky full of stars',	'ColPlay',	'lien/vers/audio'),
                                                             (4,	'Elle a les yeux revolver',	'Marc Lavoine',	'lien/vers/audio'),
                                                             (5,	'Viva la vida',	'ColdPlay',	'lien/vers/audio'),
                                                             (6,	'BXL ZOO',	'Damso',	'lien/vers/audio'),
                                                             (7,	'Hit Sale',	'Therapie TAXI, Romeo Elvis',	'lien/vers/audio'),
                                                             (8,	'XS',	'Josman',	'lien/vers/audio'),
                                                             (9,	'SkyFall',	'Adele',	'lien/vers/audio'),
                                                             (10,	'Love me again',	'John Newman',	'lien/vers/audio');

INSERT INTO `User` (`email`, `password`, `prenom`, `nom`, `role`, `refresh_token`, `refresh_token_expiration_date`, `reset_password_token`, `reset_password_token_expiration_date`) VALUES
                                                                                                                                                                                        ('admin@example.com',	'hashed_password',	'Admin',	'User',	1,	NULL,	NULL,	NULL,	NULL),
                                                                                                                                                                                        ('presentateur1@example.com',	'hashed_password',	'John',	'Doe',	2,	NULL,	NULL,	NULL,	NULL),
                                                                                                                                                                                        ('presentateur2@example.com',	'hashed_password',	'Jane',	'Doe',	2,	NULL,	NULL,	NULL,	NULL),
                                                                                                                                                                                        ('presentateur3@example.com',	'hashed_password',	'Elian',	'GuifGuif',	2,	NULL,	NULL,	NULL,	NULL),
                                                                                                                                                                                        ('presentateur4@example.com',	'hashed_password',	'Anto',	'Rototo',	2,	NULL,	NULL,	NULL,	NULL),
                                                                                                                                                                                        ('presentateur5@example.com',	'hashed_password',	'Antoine',	'Antourloupe',	2,	NULL,	NULL,	NULL,	NULL),
                                                                                                                                                                                        ('presentateur6@example.com',	'hashed_password',	'Elias',	'Elas',	2,	NULL,	NULL,	NULL,	NULL),
                                                                                                                                                                                        ('presentateur7@example.com',	'hashed_password',	'Agathe',	'AhGars',	2,	NULL,	NULL,	NULL,	NULL),
                                                                                                                                                                                        ('presentateur8@example.com',	'hashed_password',	'Régis',	'Vavasseur',	2,	NULL,	NULL,	NULL,	NULL);

-- 2023-12-20 11:02:19
